{
  "version": 1,
  "author": "CYBERMORPHS",
  "editor": "wokwi",
  "parts": [
    { "type": "wokwi-arduino-uno", "id": "uno", "top": -18.6, "left": 124.2, "attrs": {} },
    { "type": "wokwi-a4988", "id": "drv1", "top": 187.2, "left": -177.6, "attrs": {} },
    {
      "type": "wokwi-stepper-motor",
      "id": "stepper1",
      "top": -255.59,
      "left": -133.97,
      "attrs": { "size": "17", "arrow": "orange", "display": "angle" }
    },
    { "type": "wokwi-potentiometer", "id": "pot1", "top": 142.7, "left": 479.8, "attrs": {} },
    { "type": "wokwi-lcd1602", "id": "lcd1", "top": -313.37, "left": 294.4, "attrs": {} }
  ],
  "connections": [
    [ "drv1:GND.1", "uno:GND.1", "black", [ "v0.08", "h38.55", "v-240", "h153.6" ] ],
    [ "drv1:VDD", "uno:5V", "red", [ "h67.35", "v9.68", "h172.8" ] ],
    [ "drv1:1B", "stepper1:B-", "green", [ "h96.15", "v-316.72", "h-9.6" ] ],
    [ "drv1:1A", "stepper1:B+", "green", [ "h76.95", "v-9.52" ] ],
    [ "drv1:2A", "stepper1:A+", "green", [ "h0" ] ],
    [ "drv1:2B", "stepper1:A-", "green", [ "h57.75", "v-9.52" ] ],
    [ "drv1:RESET", "drv1:SLEEP", "green", [ "h-19.2", "v9.6" ] ],
    [ "pot1:GND", "uno:GND.3", "black", [ "v0", "h-172.8" ] ],
    [ "pot1:VCC", "uno:5V", "red", [ "v19.2", "h-212" ] ],
    [ "pot1:SIG", "uno:A0", "green", [ "v0", "h-154" ] ],
    [ "lcd1:VSS", "uno:GND.2", "magenta", [ "v38.4", "h48", "v336", "h-9.6" ] ],
    [ "uno:5V", "lcd1:VDD", "red", [ "v115.1", "h359", "v-441.6", "h-259.2" ] ],
    [ "lcd1:RS", "uno:8", "magenta", [ "v134.4", "h0.3" ] ],
    [ "lcd1:RW", "uno:GND.1", "magenta", [ "v144", "h-172.9" ] ],
    [ "lcd1:E", "uno:9", "magenta", [ "v9.6", "h-134.4" ] ],
    [ "lcd1:D4", "uno:10", "magenta", [ "v28.8", "h-192" ] ],
    [ "lcd1:D5", "uno:11", "magenta", [ "v76.8", "h-211.1" ] ],
    [ "lcd1:D6", "uno:12", "magenta", [ "v86.4", "h-230.2" ] ],
    [ "lcd1:D7", "uno:13", "magenta", [ "v105.6", "h-249.3" ] ],
    [ "drv1:DIR", "uno:4", "green", [ "h-38.4", "v-278.4", "h28.8" ] ],
    [ "drv1:STEP", "uno:3", "green", [ "h-19.2", "v-259.2" ] ],
    [ "drv1:MS1", "uno:5V", "red", [ "h288" ] ],
    [ "drv1:MS2", "uno:5V", "red", [ "h220.8", "v9.6" ] ],
    [ "drv1:MS3", "uno:5V", "red", [ "h307.2", "v9.6" ] ]
  ],
  "dependencies": {}
}